{"stats":{"minecraft:crafted":{"minecraft:cherry_planks":16,"minecraft:wooden_sword":1,"minecraft:white_bed":1,"minecraft:crafting_table":1,"minecraft:pink_dye":1,"minecraft:stick":4,"minecraft:pink_bed":1},"minecraft:custom":{"minecraft:time_since_rest":3156,"minecraft:play_time":30947,"minecraft:sprint_one_cm":46226,"minecraft:deaths":2,"minecraft:damage_taken":555,"minecraft:walk_one_cm":26941,"minecraft:mob_kills":7,"minecraft:drop":1,"minecraft:jump":274,"minecraft:damage_dealt":546,"minecraft:leave_game":14,"minecraft:time_since_death":3120,"minecraft:sleep_in_bed":1,"minecraft:total_world_time":30947,"minecraft:interact_with_crafting_table":4,"minecraft:fall_one_cm":9249,"minecraft:fly_one_cm":63402},"minecraft:used":{"minecraft:pink_petals":15,"minecraft:wooden_sword":19,"minecraft:mutton":5,"minecraft:crafting_table":2,"minecraft:pink_bed":1},"minecraft:dropped":{"minecraft:pink_petals":1},"minecraft:killed_by":{"minecraft:skeleton":2},"minecraft:picked_up":{"minecraft:pink_petals":19,"minecraft:crafting_table":1,"minecraft:cherry_planks":10,"minecraft:cherry_log":4,"minecraft:pink_bed":1,"minecraft:arrow":2,"minecraft:wooden_sword":2,"minecraft:mutton":10,"minecraft:white_wool":6,"minecraft:stick":6},"minecraft:mined":{"minecraft:pink_petals":6,"minecraft:short_grass":4,"minecraft:pink_bed":1,"minecraft:cherry_log":4,"minecraft:crafting_table":1},"minecraft:killed":{"minecraft:sheep":6,"minecraft:skeleton":1}},"DataVersion":3953}