{"stats":{"minecraft:custom":{"minecraft:time_since_rest":26433,"minecraft:sprint_one_cm":34934,"minecraft:play_time":26433,"minecraft:damage_taken":30,"minecraft:walk_one_cm":19611,"minecraft:mob_kills":3,"minecraft:jump":208,"minecraft:damage_dealt":240,"minecraft:leave_game":13,"minecraft:time_since_death":26433,"minecraft:total_world_time":26433,"minecraft:interact_with_crafting_table":4,"minecraft:fall_one_cm":7459,"minecraft:fly_one_cm":47273},"minecraft:used":{"minecraft:pink_petals":11,"minecraft:wooden_sword":8,"minecraft:mutton":5,"minecraft:crafting_table":2},"minecraft:crafted":{"minecraft:cherry_planks":16,"minecraft:wooden_sword":1,"minecraft:white_bed":1,"minecraft:crafting_table":1,"minecraft:pink_dye":1,"minecraft:stick":4},"minecraft:picked_up":{"minecraft:pink_petals":13,"minecraft:crafting_table":1,"minecraft:cherry_log":4,"minecraft:mutton":5,"minecraft:white_wool":3},"minecraft:mined":{"minecraft:pink_petals":5,"minecraft:short_grass":2,"minecraft:cherry_log":4,"minecraft:crafting_table":1},"minecraft:killed":{"minecraft:sheep":3}},"DataVersion":3953}