{"stats":{"minecraft:mined":{"minecraft:oak_log":10,"minecraft:oak_leaves":2},"minecraft:dropped":{"minecraft:oak_sapling":1},"minecraft:custom":{"minecraft:jump":120,"minecraft:open_chest":2,"minecraft:time_since_rest":6152,"minecraft:crouch_one_cm":348,"minecraft:leave_game":2,"minecraft:sprint_one_cm":24241,"minecraft:play_time":6152,"minecraft:time_since_death":6152,"minecraft:walk_one_cm":8483,"minecraft:sneak_time":300,"minecraft:total_world_time":6152,"minecraft:talked_to_villager":1,"minecraft:drop":1,"minecraft:fall_one_cm":3193,"minecraft:fly_one_cm":30802},"minecraft:picked_up":{"minecraft:oak_log":10,"minecraft:oak_sapling":1},"minecraft:crafted":{"minecraft:oak_planks":40}},"DataVersion":2975}