{"stats":{"minecraft:custom":{"minecraft:time_since_rest":21969,"minecraft:sprint_one_cm":33062,"minecraft:play_time":21969,"minecraft:damage_taken":30,"minecraft:walk_one_cm":16551,"minecraft:mob_kills":3,"minecraft:jump":195,"minecraft:damage_dealt":240,"minecraft:leave_game":13,"minecraft:time_since_death":21969,"minecraft:total_world_time":21969,"minecraft:interact_with_crafting_table":1,"minecraft:fall_one_cm":7039,"minecraft:fly_one_cm":45197},"minecraft:used":{"minecraft:pink_petals":11,"minecraft:wooden_sword":8,"minecraft:mutton":5,"minecraft:crafting_table":1},"minecraft:crafted":{"minecraft:cherry_planks":8,"minecraft:wooden_sword":1,"minecraft:crafting_table":1,"minecraft:stick":4},"minecraft:picked_up":{"minecraft:pink_petals":11,"minecraft:crafting_table":1,"minecraft:cherry_log":2,"minecraft:mutton":5,"minecraft:white_wool":3},"minecraft:mined":{"minecraft:pink_petals":4,"minecraft:short_grass":1,"minecraft:cherry_log":2,"minecraft:crafting_table":1},"minecraft:killed":{"minecraft:sheep":3}},"DataVersion":3953}