{"stats":{"minecraft:killed_by":{"minecraft:zombie":1,"minecraft:creeper":1},"minecraft:custom":{"minecraft:jump":113,"minecraft:time_since_rest":4233,"minecraft:walk_on_water_one_cm":791,"minecraft:damage_dealt":82,"minecraft:deaths":2,"minecraft:crouch_one_cm":42,"minecraft:leave_game":1,"minecraft:play_time":21581,"minecraft:sprint_one_cm":34626,"minecraft:damage_taken":754,"minecraft:time_since_death":4194,"minecraft:walk_one_cm":11151,"minecraft:sneak_time":35,"minecraft:total_world_time":21581,"minecraft:fall_one_cm":3031,"minecraft:fly_one_cm":20985}},"DataVersion":3953}