{"stats":{"minecraft:picked_up":{"minecraft:crafting_table":2,"minecraft:oak_log":10,"minecraft:dirt":1,"minecraft:oak_sapling":1,"minecraft:oak_planks":1,"minecraft:cobblestone":38},"minecraft:dropped":{"minecraft:dirt":1,"minecraft:oak_sapling":1,"minecraft:wooden_pickaxe":1},"minecraft:mined":{"minecraft:crafting_table":2,"minecraft:oak_log":10,"minecraft:dirt":1,"minecraft:stone":38,"minecraft:oak_planks":1,"minecraft:oak_leaves":2},"minecraft:used":{"minecraft:bread":1,"minecraft:stone_pickaxe":13,"minecraft:oak_planks":1,"minecraft:wooden_pickaxe":26,"minecraft:stone_axe":1,"minecraft:crafting_table":2},"minecraft:custom":{"minecraft:time_since_rest":4413,"minecraft:sprint_one_cm":33241,"minecraft:damage_taken":20,"minecraft:walk_one_cm":21171,"minecraft:drop":3,"minecraft:talked_to_villager":1,"minecraft:interact_with_crafting_table":2,"minecraft:swim_one_cm":8822,"minecraft:fly_one_cm":42525,"minecraft:open_chest":3,"minecraft:crouch_one_cm":348,"minecraft:play_time":12401,"minecraft:sneak_time":300,"minecraft:walk_under_water_one_cm":621,"minecraft:jump":190,"minecraft:leave_game":3,"minecraft:time_since_death":12401,"minecraft:walk_on_water_one_cm":275,"minecraft:sleep_in_bed":1,"minecraft:total_world_time":12401,"minecraft:fall_one_cm":6154},"minecraft:crafted":{"minecraft:oak_planks":40,"minecraft:crafting_table":1,"minecraft:stick":16,"minecraft:wooden_pickaxe":1,"minecraft:stone_pickaxe":1,"minecraft:stone_sword":1,"minecraft:stone_axe":1}},"DataVersion":2975}